unix_time,local_time,utc_time,temp,cond,sal,nitrate,hdo,sat,phv,ph,s_nitrate,s_nitrogen,nitrate_flg,oxygen_flg,temp_flg,key
1563897685.40459,2019/07/23 09:01:25.404587 US/Pacific,2019-07-23T16:01:25+00:00,15.88,,,,3.808,-118.06,,,25.66,0.3594,1,4,1,1
1563638485.56458,2019/07/20 09:01:25.564576 US/Pacific,2019-07-20T16:01:25+00:00,17.27,,,,3.066,-129.02,,,45.3,0.6345,1,4,1,2
1563724885.03454,2019/07/21 09:01:25.034539 US/Pacific,2019-07-21T16:01:25+00:00,17.066,,,,4.008,-115.88,,,34.02,0.4765,1,4,1,3
1563811285.30462,2019/07/22 09:01:25.304617 US/Pacific,2019-07-22T16:01:25+00:00,16.16,,,,4.086,-120.02,,,30.1,0.4216,1,4,1,4
1563984084.98455,2019/07/24 09:01:24.984554 US/Pacific,2019-07-24T16:01:24+00:00,16.07,,,,3.554,-116.74,,,12.84,0.1798,1,4,1,5
1564070484.79464,2019/07/25 09:01:24.794639 US/Pacific,2019-07-25T16:01:24+00:00,17.04,,,,2.876,-114.9,,,13.73,0.1923,1,4,1,6
1564153284.97461,2019/07/26 08:01:24.974612 US/Pacific,2019-07-26T15:01:24+00:00,16.17,,,,2.776,-114.94,,,13.16,0.1843,1,4,1,7
1564239685.03857,2019/07/27 08:01:25.038569 US/Pacific,2019-07-27T15:01:25+00:00,16.312,,,,2.646,-119.2,,,22.43,0.3141,1,4,1,8
1564326085.41853,2019/07/28 08:01:25.418530 US/Pacific,2019-07-28T15:01:25+00:00,16.52,,,,2.298,-112.84,,,17.44,0.2443,1,4,1,9
1564412485.56861,2019/07/29 08:01:25.568612 US/Pacific,2019-07-29T15:01:25+00:00,15.532,,,,2.12,-117.8,,,14.02,0.1964,1,4,1,10
1564498885.34857,2019/07/30 08:01:25.348572 US/Pacific,2019-07-30T15:01:25+00:00,15.922,,,,1.962,-111.54,,,21.98,0.3079,1,4,1,11
1564585285.54854,2019/07/31 08:01:25.548542 US/Pacific,2019-07-31T15:01:25+00:00,15.73,,,,2.004,-118.26,,,19.05,0.2669,1,4,1,12
1564671684.92851,2019/08/01 08:01:24.928505 US/Pacific,2019-08-01T15:01:24+00:00,15.704,,,,1.714,-114.46,,,4.38,0.0613,1,4,1,13
1564758084.94859,2019/08/02 08:01:24.948585 US/Pacific,2019-08-02T15:01:24+00:00,16.956,,,,2.258,-108.9,,,6.57,0.092,1,4,1,14
1564844485.05856,2019/08/03 08:01:25.058557 US/Pacific,2019-08-03T15:01:25+00:00,16.33,,,,2.178,-112.18,,,26.4,0.3697,1,4,1,15
1564930885.46852,2019/08/04 08:01:25.468522 US/Pacific,2019-08-04T15:01:25+00:00,16.612,,,,2.284,-121.46,,,30.53,0.4276,1,4,1,16
1565017284.73861,2019/08/05 08:01:24.738610 US/Pacific,2019-08-05T15:01:24+00:00,16.48,,,,2.472,-124.36,,,47.57,0.6663,1,4,1,17
1565103685.11858,2019/08/06 08:01:25.118582 US/Pacific,2019-08-06T15:01:25+00:00,15.47,,,,2.198,-120.78,,,47.96,0.6718,1,4,1,18
1565190085.44855,2019/08/07 08:01:25.448546 US/Pacific,2019-08-07T15:01:25+00:00,15.28,,,,3.646,-122.92,,,43.29,0.6064,1,4,1,19
1565276484.98954,2019/08/08 08:01:24.989538 US/Pacific,2019-08-08T15:01:24+00:00,14.18,,,,2.276,-123.98,,,41.61,0.5828,1,4,1,20
1565362884.8095,2019/08/09 08:01:24.809500 US/Pacific,2019-08-09T15:01:24+00:00,15.95,,,,3.794,-123.58,,,51.28,0.7183,1,4,1,21
1566486104.8537,2019/08/22 08:01:44.853699 US/Pacific,2019-08-22T15:01:44+00:00,18.6,,,,4.724,-123.34,,,-0.6,-0.0085,4,4,1,37
1566572504.85366,2019/08/23 08:01:44.853663 US/Pacific,2019-08-23T15:01:44+00:00,16.83,,,,3.43,-125.08,,,3.17,0.0444,1,4,1,38
1566662504.87363,2019/08/24 09:01:44.873629 US/Pacific,2019-08-24T16:01:44+00:00,18.37,,,,3.862,-128.38,,,3.47,0.0486,1,4,1,39
1565449285.38946,2019/08/10 08:01:25.389464 US/Pacific,2019-08-10T15:01:25+00:00,18,,,,2.232,-130.6,,,8.22,0.1152,3,4,1,22
1565535685.46955,2019/08/11 08:01:25.469552 US/Pacific,2019-08-11T15:01:25+00:00,17.68,,,,2.97,-128.1,,,5.88,0.0824,3,4,1,23
1565622085.71952,2019/08/12 08:01:25.719521 US/Pacific,2019-08-12T15:01:25+00:00,17.238,,,,6.82,-136.96,,,-0.26,-0.0037,3,4,1,24
1565449285.38946,2019/08/10 08:01:25.389464 US/Pacific,2019-08-10T15:01:25+00:00,18,,,,2.232,-130.6,,,8.22,0.1152,3,4,1,25
1565535685.46955,2019/08/11 08:01:25.469552 US/Pacific,2019-08-11T15:01:25+00:00,17.68,,,,2.97,-128.1,,,5.88,0.0824,3,4,1,26
1565622085.71952,2019/08/12 08:01:25.719521 US/Pacific,2019-08-12T15:01:25+00:00,17.238,,,,6.82,-136.96,,,-0.26,-0.0037,3,4,1,27
1565708485.4095,2019/08/13 08:01:25.409500 US/Pacific,2019-08-13T15:01:25+00:00,16.75,,,,3.892,-129.28,,,38.47,0.5389,1,4,1,28
1565794885.38621,2019/08/14 08:01:25.386210 US/Pacific,2019-08-14T15:01:25+00:00,16.5,,,,3.652,-133.48,,,45.7,0.6401,1,4,1,29
1565881285.7037,2019/08/15 08:01:25.703704 US/Pacific,2019-08-15T15:01:25+00:00,16.942,,,,5.478,-131.46,,,52.5,0.7353,1,4,1,30
1565967685.43378,2019/08/16 08:01:25.433783 US/Pacific,2019-08-16T15:01:25+00:00,18.48,,,,2.16,-133.8,,,1.59,0.0223,1,4,1,31
1566054085.39374,2019/08/17 08:01:25.393745 US/Pacific,2019-08-17T15:01:25+00:00,16.64,,,,2.738,-130.42,,,4.18,0.0585,1,4,1,32
1566140485.79371,2019/08/18 08:01:25.793709 US/Pacific,2019-08-18T15:01:25+00:00,17.33,,,,3.176,-131.16,,,2.89,0.0405,1,4,1,33
1566226885.41368,2019/08/19 08:01:25.413676 US/Pacific,2019-08-19T15:01:25+00:00,17.17,,,,5.096,-129.72,,,3.38,0.0473,1,4,1,34
1566313305.10364,2019/08/20 08:01:45.103642 US/Pacific,2019-08-20T15:01:45+00:00,17.11,,,,4.34,-126.62,,,-0.35,-0.0048,4,4,1,35
1566399705.49373,2019/08/21 08:01:45.493731 US/Pacific,2019-08-21T15:01:45+00:00,16.12,,,,4.28,-123.4,,,-0.67,-0.0093,4,4,1,36
1566748905.19371,2019/08/25 09:01:45.193714 US/Pacific,2019-08-25T16:01:45+00:00,17.87,,,,4.622,-131.3,,,7.9,0.1106,1,4,1,40
1566835305.58368,2019/08/26 09:01:45.583682 US/Pacific,2019-08-26T16:01:45+00:00,16.85,,,,3.284,-131.96,,,4.45,0.0623,1,4,1,41
1566921705.46365,2019/08/27 09:01:45.463651 US/Pacific,2019-08-27T16:01:45+00:00,16.832,,,,2.854,-129.4,,,6.68,0.0935,1,4,1,42
1567008105.46374,2019/08/28 09:01:45.463743 US/Pacific,2019-08-28T16:01:45+00:00,16.95,,,,7.208,-125.9,,,7.35,0.1029,1,4,1,43
1567094504.81371,2019/08/29 09:01:44.813707 US/Pacific,2019-08-29T16:01:44+00:00,19.13,,,,7.692,-126.2,,,2.31,0.0324,1,4,1,44
1567180905.40369,2019/08/30 09:01:45.403688 US/Pacific,2019-08-30T16:01:45+00:00,17.19,,,,6.628,-124.4,,,4.54,0.0636,1,4,1,45
1567609305.34487,2019/09/04 08:01:45.344870 US/Pacific,2019-09-04T15:01:45+00:00,16.71,,,,2.82,-128.82,,,7.28,0.1019,1,4,1,46
1567612905.67487,2019/09/04 09:01:45.674874 US/Pacific,2019-09-04T16:01:45+00:00,16.81,,,,4.122,-130.44,,,6.54,0.0916,1,4,1,47
1567695705.74484,2019/09/05 08:01:45.744843 US/Pacific,2019-09-05T15:01:45+00:00,16.03,,,,2.928,-122.66,,,12.47,0.1746,1,4,1,48
1567699305.01484,2019/09/05 09:01:45.014842 US/Pacific,2019-09-05T16:01:45+00:00,16.04,,,,5.086,-126.88,,,12.89,0.1805,1,4,1,49
1567782105.7048,2019/09/06 08:01:45.704801 US/Pacific,2019-09-06T15:01:45+00:00,16.09,,,,6.464,-122.42,,,22.88,0.3205,1,4,1,50
1567785704.97491,2019/09/06 09:01:44.974913 US/Pacific,2019-09-06T16:01:44+00:00,16.26,,,,6.704,-122.66,,,20.44,0.2863,1,4,1,51
1567868505.15489,2019/09/07 08:01:45.154886 US/Pacific,2019-09-07T15:01:45+00:00,16.6,,,,6.07,-122.36,,,24.7,0.3459,1,4,1,52
1567872105.43489,2019/09/07 09:01:45.434885 US/Pacific,2019-09-07T16:01:45+00:00,16.58,,,,6.994,-125.12,,,24.34,0.341,1,4,1,53
1567954906.21485,2019/09/08 08:01:46.214849 US/Pacific,2019-09-08T15:01:46+00:00,14.85,,,,6.094,-122.88,,,26.87,0.3764,1,4,1,54
1567958505.85485,2019/09/08 09:01:45.854854 US/Pacific,2019-09-08T16:01:45+00:00,15.22,,,,7.544,-122.74,,,26.48,0.3709,1,4,1,55
1568041305.35481,2019/09/09 08:01:45.354809 US/Pacific,2019-09-09T15:01:45+00:00,15.27,,,,6.956,-122.9,,,28.43,0.3983,1,4,1,56
1568044906.05493,2019/09/09 09:01:46.054928 US/Pacific,2019-09-09T16:01:46+00:00,15.57,,,,7.542,-122.32,,,27.06,0.3791,1,4,1,57
1568127705.03479,2019/09/10 08:01:45.034791 US/Pacific,2019-09-10T15:01:45+00:00,15.1,,,,5.444,-124.02,,,31.21,0.4371,1,4,1,58
1568131305.2549,2019/09/10 09:01:45.254898 US/Pacific,2019-09-10T16:01:45+00:00,15.968,,,,5.142,-126.22,,,37,0.5182,1,4,1,59
1568304105.16483,2019/09/12 09:01:45.164831 US/Pacific,2019-09-12T16:01:45+00:00,15.384,,,,1.026,-243.88,,,19.86,0.2782,1,4,1,60
1568390505.53994,2019/09/13 09:01:45.539936 US/Pacific,2019-09-13T16:01:45+00:00,16.86,,,,0.984,-228.16,,,7.2,0.1009,1,4,1,61
1568476905.1299,2019/09/14 09:01:45.129899 US/Pacific,2019-09-14T16:01:45+00:00,16.14,,,,2.376,-193.46,,,4.07,0.0569,1,4,1,62
1568563305.24,2019/09/15 09:01:45.239999 US/Pacific,2019-09-15T16:01:45+00:00,15.41,,,,2.192,-198.08,,,2.26,0.0317,1,4,1,63
1568649705.70996,2019/09/16 09:01:45.709962 US/Pacific,2019-09-16T16:01:45+00:00,17.332,,,,1.41,-185.68,,,1.97,0.0276,1,4,1,64
1568736105.38993,2019/09/17 09:01:45.389929 US/Pacific,2019-09-17T16:01:45+00:00,13.332,,,,2.21,-188.1,,,6.65,0.0931,1,4,1,65
1568822504.9099,2019/09/18 09:01:44.909899 US/Pacific,2019-09-18T16:01:44+00:00,13.31,,,,3.144,-167.64,,,10.1,0.1415,1,4,1,66
1568908904.91986,2019/09/19 09:01:44.919863 US/Pacific,2019-09-19T16:01:44+00:00,13.27,,,,4.032,-157.22,,,7.76,0.1087,1,4,1,67
1568995304.95996,2019/09/20 09:01:44.959960 US/Pacific,2019-09-20T16:01:44+00:00,12.462,,,,3.174,-150.42,,,8.83,0.1237,1,4,1,68
1569081705.52508,2019/09/21 09:01:45.525084 US/Pacific,2019-09-21T16:01:45+00:00,14.89,,,,1.022,-151.66,,,1.77,0.0248,1,4,1,69
1569168105.12505,2019/09/22 09:01:45.125054 US/Pacific,2019-09-22T16:01:45+00:00,14.68,,,,2.658,-149.46,,,2.49,0.0349,1,4,1,70
1569254504.85514,2019/09/23 09:01:44.855143 US/Pacific,2019-09-23T16:01:44+00:00,15.48,,,,1.526,-145.74,,,2,0.028,1,4,1,71
1569340904.95511,2019/09/24 09:01:44.955109 US/Pacific,2019-09-24T16:01:44+00:00,15.08,,,,2.42,-143.74,,,3.4,0.0477,1,4,1,72
1569427305.65507,2019/09/25 09:01:45.655073 US/Pacific,2019-09-25T16:01:45+00:00,16.81,,,,6.708,-135.6,,,1.39,0.0195,1,4,1,73
1569513705.39504,2019/09/26 09:01:45.395038 US/Pacific,2019-09-26T16:01:45+00:00,18.5,,,,5.732,-127.9,,,-1.02,-0.0142,1,4,1,74
1569600105.58513,2019/09/27 09:01:45.585134 US/Pacific,2019-09-27T16:01:45+00:00,18.81,,,,2.054,-131.94,,,-0.22,-0.0031,1,4,1,75
1569686504.86511,2019/09/28 09:01:44.865105 US/Pacific,2019-09-28T16:01:44+00:00,14.752,,,,2.224,-135.74,,,2.83,0.0396,1,4,1,76
1569772905.22506,2019/09/29 09:01:45.225061 US/Pacific,2019-09-29T16:01:45+00:00,10.78,,,,2.152,-131.44,,,3.76,0.0527,1,4,1,77
1569859305.23515,2019/09/30 09:01:45.235154 US/Pacific,2019-09-30T16:01:45+00:00,12.06,,,,2.22,-128.72,,,3.9,0.0546,1,4,1,78
1569945705.43513,2019/10/01 09:01:45.435128 US/Pacific,2019-10-01T16:01:45+00:00,10.74,,,,1.66,-137.8,,,1.43,0.02,1,4,1,79
1570032104.89509,2019/10/02 09:01:44.895091 US/Pacific,2019-10-02T16:01:44+00:00,10.246,,,,1.19,-125.3,,,2.79,0.0391,1,4,1,80
1570118505.73518,2019/10/03 09:01:45.735183 US/Pacific,2019-10-03T16:01:45+00:00,10.58,,,,3.374,-126.02,,,-1.98,-0.0277,1,4,1,81
1570204904.87503,2019/10/04 09:01:44.875025 US/Pacific,2019-10-04T16:01:44+00:00,10.354,,,,3.236,-123.46,,,1.34,0.0188,1,4,1,82
1570291305.73511,2019/10/05 09:01:45.735112 US/Pacific,2019-10-05T16:01:45+00:00,10.54,,,,1.094,-144.5,,,3.94,0.0552,1,4,1,83
1570377704.87508,2019/10/06 09:01:44.875083 US/Pacific,2019-10-06T16:01:44+00:00,12.06,,,,5.09,-127.54,,,7.05,0.0987,1,4,1,84
1570464105.05505,2019/10/07 09:01:45.055050 US/Pacific,2019-10-07T16:01:45+00:00,13.09,,,,0.968,-129.62,,,9.1,0.1274,1,4,1,85
1570550505.82516,2019/10/08 09:01:45.825162 US/Pacific,2019-10-08T16:01:45+00:00,11.958,,,,1.972,-131.26,,,10.16,0.1423,1,4,1,86
1570636905.58513,2019/10/09 09:01:45.585126 US/Pacific,2019-10-09T16:01:45+00:00,14.42,,,,1.25,-136,,,6.82,0.0955,1,4,1,87
1570723305.00508,2019/10/10 09:01:45.005077 US/Pacific,2019-10-10T16:01:45+00:00,10.004,,,,3.17,-129.44,,,5.52,0.0773,1,4,1,88
1570809705.64505,2019/10/11 09:01:45.645047 US/Pacific,2019-10-11T16:01:45+00:00,11.16,,,,2.174,-126.62,,,27.58,0.3863,1,4,1,89
1570896105.83514,2019/10/12 09:01:45.835142 US/Pacific,2019-10-12T16:01:45+00:00,10.42,,,,2.006,-129.04,,,6.02,0.0843,1,4,1,90
1570982505.05511,2019/10/13 09:01:45.055113 US/Pacific,2019-10-13T16:01:45+00:00,9.69,,,,1.96,-132.64,,,6.8,0.0952,1,4,1,91
1571068905.32507,2019/10/14 09:01:45.325074 US/Pacific,2019-10-14T16:01:45+00:00,12.41,,,,1.93,-136.98,,,5.5,0.0771,1,4,1,92
1571155305.08504,2019/10/15 09:01:45.085037 US/Pacific,2019-10-15T16:01:45+00:00,12.62,,,,5.026,-122.7,,,8.07,0.1131,1,4,1,93
1571241705.50514,2019/10/16 09:01:45.505143 US/Pacific,2019-10-16T16:01:45+00:00,12.94,,,,1.64,-127.56,,,16.46,0.2305,1,4,1,94
1571328104.9551,2019/10/17 09:01:44.955103 US/Pacific,2019-10-17T16:01:44+00:00,13.64,,,,0.922,-126.8,,,12.97,0.1817,1,4,1,95
1571414505.77507,2019/10/18 09:01:45.775070 US/Pacific,2019-10-18T16:01:45+00:00,9.882,,,,1.19,-133.4,,,16.43,0.2301,1,4,1,96
1571500905.85516,2019/10/19 09:01:45.855157 US/Pacific,2019-10-19T16:01:45+00:00,9.692,,,,0.944,-141.14,,,20.16,0.2824,1,4,1,97
1571587305.46512,2019/10/20 09:01:45.465118 US/Pacific,2019-10-20T16:01:45+00:00,13.29,,,,0.942,-134.26,,,18.76,0.2628,1,4,1,98
1571673705.8151,2019/10/21 09:01:45.815100 US/Pacific,2019-10-21T16:01:45+00:00,11.2,,,,0.986,-125.18,,,11.92,0.167,1,4,1,99
1571760105.13506,2019/10/22 09:01:45.135058 US/Pacific,2019-10-22T16:01:45+00:00,11.24,,,,1.982,-126.62,,,10.14,0.1421,1,4,1,100
1569686504.86511,2019/09/28 09:01:44.865105 US/Pacific,2019-09-28T16:01:44+00:00,14.752,,,,2.224,-135.74,,,2.83,0.0396,1,4,1,101
1569772905.22506,2019/09/29 09:01:45.225061 US/Pacific,2019-09-29T16:01:45+00:00,10.78,,,,2.152,-131.44,,,3.76,0.0527,1,4,1,102
1569859305.23515,2019/09/30 09:01:45.235154 US/Pacific,2019-09-30T16:01:45+00:00,12.06,,,,2.22,-128.72,,,3.9,0.0546,1,4,1,103
1569945705.43513,2019/10/01 09:01:45.435128 US/Pacific,2019-10-01T16:01:45+00:00,10.74,,,,1.66,-137.8,,,1.43,0.02,1,4,1,104
1570032104.89509,2019/10/02 09:01:44.895091 US/Pacific,2019-10-02T16:01:44+00:00,10.246,,,,1.19,-125.3,,,2.79,0.0391,1,4,1,105
1570118505.73518,2019/10/03 09:01:45.735183 US/Pacific,2019-10-03T16:01:45+00:00,10.58,,,,3.374,-126.02,,,-1.98,-0.0277,1,4,1,106
1570204904.87503,2019/10/04 09:01:44.875025 US/Pacific,2019-10-04T16:01:44+00:00,10.354,,,,3.236,-123.46,,,1.34,0.0188,1,4,1,107
1570291305.73511,2019/10/05 09:01:45.735112 US/Pacific,2019-10-05T16:01:45+00:00,10.54,,,,1.094,-144.5,,,3.94,0.0552,1,4,1,108
1570377704.87508,2019/10/06 09:01:44.875083 US/Pacific,2019-10-06T16:01:44+00:00,12.06,,,,5.09,-127.54,,,7.05,0.0987,1,4,1,109
1570464105.05505,2019/10/07 09:01:45.055050 US/Pacific,2019-10-07T16:01:45+00:00,13.09,,,,0.968,-129.62,,,9.1,0.1274,1,4,1,110
1570550505.82516,2019/10/08 09:01:45.825162 US/Pacific,2019-10-08T16:01:45+00:00,11.958,,,,1.972,-131.26,,,10.16,0.1423,1,4,1,111
1570636905.58513,2019/10/09 09:01:45.585126 US/Pacific,2019-10-09T16:01:45+00:00,14.42,,,,1.25,-136,,,6.82,0.0955,1,4,1,112
1570723305.00508,2019/10/10 09:01:45.005077 US/Pacific,2019-10-10T16:01:45+00:00,10.004,,,,3.17,-129.44,,,5.52,0.0773,1,4,1,113
1570809705.64505,2019/10/11 09:01:45.645047 US/Pacific,2019-10-11T16:01:45+00:00,11.16,,,,2.174,-126.62,,,27.58,0.3863,1,4,1,114
1570896105.83514,2019/10/12 09:01:45.835142 US/Pacific,2019-10-12T16:01:45+00:00,10.42,,,,2.006,-129.04,,,6.02,0.0843,1,4,1,115
1570982505.05511,2019/10/13 09:01:45.055113 US/Pacific,2019-10-13T16:01:45+00:00,9.69,,,,1.96,-132.64,,,6.8,0.0952,1,4,1,116
1571068905.32507,2019/10/14 09:01:45.325074 US/Pacific,2019-10-14T16:01:45+00:00,12.41,,,,1.93,-136.98,,,5.5,0.0771,1,4,1,117
1571155305.08504,2019/10/15 09:01:45.085037 US/Pacific,2019-10-15T16:01:45+00:00,12.62,,,,5.026,-122.7,,,8.07,0.1131,1,4,1,118
1571241705.50514,2019/10/16 09:01:45.505143 US/Pacific,2019-10-16T16:01:45+00:00,12.94,,,,1.64,-127.56,,,16.46,0.2305,1,4,1,119
1571328104.9551,2019/10/17 09:01:44.955103 US/Pacific,2019-10-17T16:01:44+00:00,13.64,,,,0.922,-126.8,,,12.97,0.1817,1,4,1,120
1571414505.77507,2019/10/18 09:01:45.775070 US/Pacific,2019-10-18T16:01:45+00:00,9.882,,,,1.19,-133.4,,,16.43,0.2301,1,4,1,121
1571500905.85516,2019/10/19 09:01:45.855157 US/Pacific,2019-10-19T16:01:45+00:00,9.692,,,,0.944,-141.14,,,20.16,0.2824,1,4,1,122
1571587305.46512,2019/10/20 09:01:45.465118 US/Pacific,2019-10-20T16:01:45+00:00,13.29,,,,0.942,-134.26,,,18.76,0.2628,1,4,1,123
1571673705.8151,2019/10/21 09:01:45.815100 US/Pacific,2019-10-21T16:01:45+00:00,11.2,,,,0.986,-125.18,,,11.92,0.167,1,4,1,124
1571760105.13506,2019/10/22 09:01:45.135058 US/Pacific,2019-10-22T16:01:45+00:00,11.24,,,,1.982,-126.62,,,10.14,0.1421,1,4,1,125
1571846505.36515,2019/10/23 09:01:45.365154 US/Pacific,2019-10-23T16:01:45+00:00,12.542,,,,0.866,-146.46,,,-1.08,-0.0151,1,4,1,126
1571932905.61512,2019/10/24 09:01:45.615119 US/Pacific,2019-10-24T16:01:45+00:00,13.47,,,,0.894,-208.34,,,32.03,0.4486,1,4,1,127
1572019304.94508,2019/10/25 09:01:44.945081 US/Pacific,2019-10-25T16:01:44+00:00,14.74,,,,0.626,-229.04,,,-1.69,-0.0236,1,4,1,128
1572105705.45505,2019/10/26 09:01:45.455049 US/Pacific,2019-10-26T16:01:45+00:00,12.36,,,,0.276,-242.5,,,-4.24,-0.0593,1,4,1,129
1572192105.26502,2019/10/27 09:01:45.265022 US/Pacific,2019-10-27T16:01:45+00:00,11.232,,,,0.396,-268.5,,,-0.39,-0.0055,1,4,1,130
1572278505.09511,2019/10/28 09:01:45.095111 US/Pacific,2019-10-28T16:01:45+00:00,8.09,,,,0.338,-273.18,,,-0.54,-0.0076,1,4,1,131
1572364905.90507,2019/10/29 09:01:45.905070 US/Pacific,2019-10-29T16:01:45+00:00,6.36,,,,0.514,-300.1,,,5.96,0.0835,1,4,1,132
1572451305.17504,2019/10/30 09:01:45.175042 US/Pacific,2019-10-30T16:01:45+00:00,7.034,,,,0.792,-304.62,,,11.03,0.1545,1,4,1,133
1572537705.73513,2019/10/31 09:01:45.735130 US/Pacific,2019-10-31T16:01:45+00:00,7.57,,,,2.33,-267.5,,,9.28,0.1299,1,4,1,134
1572624105.0451,2019/11/01 09:01:45.045104 US/Pacific,2019-11-01T16:01:45+00:00,6.9,,,,0.444,-308.02,,,-6.63,-0.0929,1,4,1,135
1572969705.2139,2019/11/05 08:01:45.213896 US/Pacific,2019-11-05T16:01:45+00:00,11.59,,,,0.254,-284.62,,,-3.73,-0.0523,1,4,1,136
1573056105.31398,2019/11/06 08:01:45.313976 US/Pacific,2019-11-06T16:01:45+00:00,11.91,,,,0.166,-305.1,,,-1.65,-0.0231,1,4,1,137
1573142505.37395,2019/11/07 08:01:45.373949 US/Pacific,2019-11-07T16:01:45+00:00,12.44,,,,0.05,-315.1,,,-4.95,-0.0694,1,4,1,138
1573228905.47391,2019/11/08 08:01:45.473911 US/Pacific,2019-11-08T16:01:45+00:00,11.83,,,,0.09,-309.06,,,-5.13,-0.0718,1,4,1,139
1573315305.75388,2019/11/09 08:01:45.753884 US/Pacific,2019-11-09T16:01:45+00:00,11.31,,,,0.04,-307.52,,,-4.34,-0.0608,1,4,1,140
1573401705.41398,2019/11/10 08:01:45.413978 US/Pacific,2019-11-10T16:01:45+00:00,11.76,,,,0.04,-314.78,,,-3.94,-0.0552,1,4,1,141
1573488105.22394,2019/11/11 08:01:45.223939 US/Pacific,2019-11-11T16:01:45+00:00,11.49,,,,0.04,-304.76,,,-3.42,-0.0479,1,4,1,142
1573574505.76391,2019/11/12 08:01:45.763913 US/Pacific,2019-11-12T16:01:45+00:00,11.87,,,,0.066,-310.1,,,-1.38,-0.0193,1,4,1,143
1573660905.39401,2019/11/13 08:01:45.394008 US/Pacific,2019-11-13T16:01:45+00:00,12.51,,,,0.112,-291.8,,,0.07,0.001,1,4,1,144
1573747305.17398,2019/11/14 08:01:45.173979 US/Pacific,2019-11-14T16:01:45+00:00,11.77,,,,0.104,-292.4,,,0.02,0.0002,1,4,1,145
1573833705.23394,2019/11/15 08:01:45.233938 US/Pacific,2019-11-15T16:01:45+00:00,12.78,,,,0.034,-285.38,,,-0.5,-0.007,1,4,1,146
1574784105.78071,2019/11/26 08:01:45.780714 US/Pacific,2019-11-26T16:01:45+00:00,4.85,,,,0.05,-270.32,,,-9.53,-0.1335,1,4,1,147
1574870505.27344,2019/11/27 08:01:45.273445 US/Pacific,2019-11-27T16:01:45+00:00,8.14,,,,0.572,-254.28,,,3.28,0.0459,1,4,1,148
1574956905.13341,2019/11/28 08:01:45.133412 US/Pacific,2019-11-28T16:01:45+00:00,9.15,,,,0.572,-244.46,,,6.59,0.0923,1,4,1,149
1575043305.19338,2019/11/29 08:01:45.193380 US/Pacific,2019-11-29T16:01:45+00:00,8.75,,,,3.296,-242.06,,,7.87,0.1102,1,4,1,150
1575129705.31347,2019/11/30 08:01:45.313475 US/Pacific,2019-11-30T16:01:45+00:00,8.77,,,,2.138,-241,,,5.58,0.0781,1,4,1,151
1575216105.20343,2019/12/01 08:01:45.203435 US/Pacific,2019-12-01T16:01:45+00:00,11.48,,,,1.642,-220.6,,,0.26,0.0037,1,4,1,152
1575302505.20341,2019/12/02 08:01:45.203409 US/Pacific,2019-12-02T16:01:45+00:00,12.722,,,,0.46,-274.54,,,-13.14,-0.1841,1,4,1,153
1565794885.38621,2019/08/14 08:01:25.386210 US/Pacific,2019-08-14T15:01:25+00:00,16.5,,,,3.652,-133.48,,,45.7,0.6401,1,4,1,154
1575475305.78031,2019/12/04 08:01:45.780307 US/Pacific,2019-12-04T16:01:45+00:00,13.196,,,,1.468,-192.86,,,81.67,1.1439,1,4,1,155
1575561705.88029,2019/12/05 08:01:45.880288 US/Pacific,2019-12-05T16:01:45+00:00,10.906,,,,2.196,-230.58,,,42.03,0.5888,1,4,1,156
1575648105.57038,2019/12/06 08:01:45.570377 US/Pacific,2019-12-06T16:01:45+00:00,11.87,,,,3.34,-203.96,,,-6.9,-0.0966,1,4,1,157
1575734505.45035,2019/12/07 08:01:45.450345 US/Pacific,2019-12-07T16:01:45+00:00,13.38,,,,4.95,-213.26,,,-12.22,-0.1712,1,4,1,158
1575820905.88031,2019/12/08 08:01:45.880309 US/Pacific,2019-12-08T16:01:45+00:00,14.28,,,,3.844,-171.78,,,-12.24,-0.1714,1,4,1,159
1575907305.70027,2019/12/09 08:01:45.700268 US/Pacific,2019-12-09T16:01:45+00:00,12.554,,,,2.082,-191.56,,,-1.83,-0.0256,1,4,1,160
1575993705.75037,2019/12/10 08:01:45.750370 US/Pacific,2019-12-10T16:01:45+00:00,11.394,,,,3.92,-216.66,,,-4.63,-0.0648,1,4,1,161
1576080105.11033,2019/12/11 08:01:45.110335 US/Pacific,2019-12-11T16:01:45+00:00,13.86,,,,3.4,-146.12,,,-13.27,-0.1859,1,4,1,162
1576166505.0703,2019/12/12 08:01:45.070303 US/Pacific,2019-12-12T16:01:45+00:00,15.776,,,,4.65,-127.54,,,-9.57,-0.134,1,4,1,163
1576252905.44039,2019/12/13 08:01:45.440388 US/Pacific,2019-12-13T16:01:45+00:00,16.192,,,,6.06,-148.64,,,-9.48,-0.1328,1,4,1,164
1576339305.33036,2019/12/14 08:01:45.330359 US/Pacific,2019-12-14T16:01:45+00:00,12.42,,,,6.47,-121.78,,,-9.78,-0.137,1,4,1,165
1576425705.38046,2019/12/15 08:01:45.380456 US/Pacific,2019-12-15T16:01:45+00:00,7.74,,,,10.49,-258.54,,,-9.89,-0.1385,1,4,1,166
1576512105.34029,2019/12/16 08:01:45.340292 US/Pacific,2019-12-16T16:01:45+00:00,5.38,,,,12.32,-214.98,,,-9.95,-0.1393,1,4,1,167
1576598552.38905,2019/12/17 08:02:32.389048 US/Pacific,2019-12-17T16:02:32+00:00,NaN,,,,NaN,NaN,,,-8.71,-0.122,1,1,1,168
1576684951.619,2019/12/18 08:02:31.618995 US/Pacific,2019-12-18T16:02:31+00:00,NaN,,,,NaN,NaN,,,-10.36,-0.1452,1,1,1,169
